"film_id","title","category","inventory_count","rental_count"
103,"Bucket Brotherhood","Travel","34","34"
738,"Rocketeer Mother","Foreign","33","33"
489,"Juggler Hardly","Animation","32","32"
730,"Ridgemont Submarine","New","32","32"
382,"Grit Clockwork","Games","32","32"
331,"Forward Temple","Games","32","32"
767,"Scalawag Duck","Music","32","32"
1000,"Zorro Ark","Comedy","31","31"
735,"Robbers Joon","Children","31","31"
891,"Timberland Sky","Classics","31","31"
621,"Network Peak","Family","31","31"
973,"Wife Turn","Documentary","31","31"
418,"Hobbit Alien","Drama","31","31"
31,"Apache Divine","Family","31","31"
753,"Rush Goodfellas","Family","31","31"
369,"Goodfellas Salute","Sci-Fi","31","31"
341,"Frost Head","Classics","30","30"
702,"Pulp Beverly","Horror","30","30"
789,"Shock Cabin","Foreign","30","30"
285,"English Bulworth","Sci-Fi","30","30"
979,"Witches Panic","Drama","30","30"
748,"Rugrats Shakespeare","Action","30","30"
109,"Butterfly Chocolat","New","30","30"
609,"Muscle Bright","Travel","30","30"
403,"Harry Idaho","Drama","30","30"
374,"Graffiti Love","Sci-Fi","30","30"
563,"Massacre Usual","Games","30","30"
869,"Suspects Quills","Action","30","30"
239,"Dogma Family","Animation","30","30"
559,"Married Go","Sci-Fi","30","30"
450,"Idols Snatchers","Children","30","30"
127,"Cat Coneheads","Comedy","30","30"
893,"Titans Jerk","Sci-Fi","29","29"
875,"Talented Homicide","Sports","29","29"
301,"Family Sweet","Horror","29","29"
595,"Moon Bunch","Foreign","29","29"
73,"Bingo Talented","Sci-Fi","29","29"
849,"Storm Happiness","Animation","29","29"
174,"Confidential Interview","Music","29","29"
941,"Videotape Arsenic","Games","29","29"
945,"Virginian Pluto","Documentary","29","29"
361,"Gleaming Jawbreaker","Sports","29","29"
86,"Boogie Amelie","Music","29","29"
378,"Greatest North","Music","29","29"
284,"Enemy Odds","Music","29","29"
220,"Deer Virginian","Music","29","29"
873,"Sweethearts Suspects","Children","29","29"
305,"Fatal Haunted","New","28","28"
356,"Giant Troopers","Children","28","28"
358,"Gilmore Boiled","Classics","28","28"
764,"Saturday Lambs","Sports","28","28"
745,"Roses Treasure","Sports","28","28"
395,"Handicap Boondock","Action","28","28"
295,"Expendable Stallion","Documentary","28","28"
850,"Story Side","Action","28","28"
951,"Voyage Legally","Classics","28","28"
911,"Trip Newton","Action","28","28"
159,"Closer Bang","Comedy","28","28"
78,"Blackout Private","Animation","27","27"
114,"Camelot Vacation","Sci-Fi","27","27"
349,"Gangs Pride","Animation","27","27"
715,"Range Moonwalker","Family","27","27"
697,"Primary Glass","Action","27","27"
638,"Operation Operation","Comedy","27","27"
531,"Lose Inch","Foreign","27","27"
200,"Curtain Videotape","Games","27","27"
897,"Torque Bound","Drama","27","27"
870,"Swarm Gold","Horror","27","27"
603,"Movie Shakespeare","Family","27","27"
958,"Wardrobe Phantom","Drama","27","27"
521,"Lies Treatment","Drama","27","27"
698,"Princess Giant","Documentary","27","27"
330,"Forrester Comancheros","Animation","27","27"
244,"Dorado Notting","Music","27","27"
525,"Loathing Legally","Classics","27","27"
434,"Horror Reign","Travel","27","27"
879,"Telegraph Voyage","Music","27","27"
135,"Chance Resurrection","Sports","27","27"
228,"Detective Vision","Classics","27","27"
625,"None Spiking","Sci-Fi","27","27"
835,"Spy Mile","Games","27","27"
367,"Goldmine Tycoon","Sci-Fi","27","27"
206,"Dancing Fever","Documentary","27","27"
468,"Invasion Cyclone","Children","27","27"
181,"Contact Anonymous","Travel","26","26"
307,"Fellowship Autumn","Travel","26","26"
391,"Half Outfield","Family","26","26"
687,"Pocus Pulp","Documentary","26","26"
471,"Island Exorcist","Classics","26","26"
303,"Fantasy Troopers","Action","26","26"
460,"Innocent Usual","Foreign","26","26"
234,"Disturbing Scarface","Sci-Fi","26","26"
167,"Coma Head","Travel","26","26"
683,"Pity Bound","Drama","26","26"
838,"Stagecoach Armageddon","Action","26","26"
670,"Pelican Comforts","Documentary","26","26"
572,"Metropolis Coma","Sci-Fi","26","26"
12,"Alaska Phantom","Music","26","26"
445,"Hyde Doctor","Classics","26","26"
554,"Malkovich Pet","Classics","26","26"
397,"Hanky October","Sci-Fi","26","26"
773,"Seabiscuit Punk","Sports","26","26"
101,"Brotherhood Blanket","Documentary","26","26"
901,"Tracy Cider","Animation","26","26"
890,"Tights Dawn","Sports","26","26"
970,"Westward Seabiscuit","Classics","26","26"
938,"Velvet Terminator","Comedy","26","26"
263,"Durham Panky","Sports","26","26"
55,"Barbarella Streetcar","Sci-Fi","25","25"
571,"Metal Armageddon","Documentary","25","25"
417,"Hills Neighbors","Action","25","25"
863,"Sun Confessions","Sci-Fi","25","25"
545,"Madness Attacks","Foreign","25","25"
288,"Escape Metropolis","Travel","25","25"
266,"Dynamite Tarzan","Classics","25","25"
162,"Clueless Bucket","Action","25","25"
273,"Effect Gladiator","Family","25","25"
902,"Trading Pinocchio","Sports","25","25"
247,"Downhill Enough","Comedy","25","25"
245,"Double Wrath","Animation","25","25"
172,"Coneheads Smoochy","Drama","25","25"
309,"Feud Frogmen","Family","25","25"
624,"Nightmare Chill","Games","25","25"
791,"Show Lord","Documentary","25","25"
644,"Oscar Gold","Animation","25","25"
555,"Mallrats United","Comedy","25","25"
989,"Working Microcosmos","Travel","25","25"
760,"Samurai Lion","New","25","25"
319,"Fish Opus","Sci-Fi","25","25"
856,"Streetcar Intentions","Horror","25","25"
895,"Tomorrow Hustler","Classics","25","25"
154,"Clash Freddy","Animation","25","25"
387,"Gun Bonnie","Games","25","25"
786,"Shepherd Midsummer","Children","25","25"
880,"Telemark Heartbreakers","Animation","25","25"
810,"Slums Duck","Family","24","24"
131,"Center Dinosaur","Classics","24","24"
91,"Bound Cheaper","Classics","24","24"
790,"Shootist Superfly","Drama","24","24"
551,"Maiden Home","New","24","24"
775,"Seattle Expecations","Drama","24","24"
649,"Oz Liaisons","Animation","24","24"
966,"Wedding Apollo","Documentary","24","24"
865,"Sunrise League","Animation","24","24"
586,"Mockingbird Hollywood","Action","24","24"
45,"Attraction Newton","New","24","24"
119,"Caper Motions","Comedy","24","24"
166,"Color Philadelphia","Classics","24","24"
443,"Hurricane Affair","Comedy","24","24"
43,"Atlantis Cause","Family","24","24"
447,"Ice Crossing","Games","24","24"
804,"Sleeping Suspects","Horror","24","24"
641,"Orange Grapes","Foreign","24","24"
304,"Fargo Gandhi","Children","24","24"
502,"Knock Warlock","Comedy","24","24"
433,"Horn Working","Animation","24","24"
253,"Drifter Commandments","Action","24","24"
130,"Celebrity Horn","Action","24","24"
741,"Roman Punk","Music","24","24"
388,"Gunfight Moon","Comedy","24","24"
11,"Alamo Videotape","Foreign","24","24"
35,"Arachnophobia Rollercoaster","Horror","24","24"
527,"Lola Agent","Horror","24","24"
491,"Jumping Wrath","Children","24","24"
852,"Strangelove Desire","Children","24","24"
650,"Pacific Amistad","Documentary","24","24"
366,"Goldfinger Sensibility","Drama","24","24"
476,"Jason Trap","Family","24","24"
976,"Wind Phantom","Games","23","23"
353,"Gentlemen Stage","Foreign","23","23"
892,"Titanic Boondock","Animation","23","23"
412,"Heavyweights Beast","Documentary","23","23"
504,"Kwai Homeward","Drama","23","23"
982,"Women Dorado","Action","23","23"
816,"Snowman Rollercoaster","Animation","23","23"
271,"Easy Gladiator","Action","23","23"
320,"Flamingos Connecticut","New","23","23"
771,"Scorpion Apollo","Drama","23","23"
759,"Salute Apollo","New","23","23"
646,"Outbreak Divine","Games","23","23"
334,"Freddy Storm","Horror","23","23"
117,"Candles Grapes","Games","23","23"
494,"Karate Moon","Horror","23","23"
995,"Yentl Idaho","Horror","23","23"
1,"Academy Dinosaur","Documentary","24","23"
665,"Patton Interview","Horror","23","23"
199,"Cupboard Sinners","Documentary","23","23"
10,"Aladdin Calendar","Sports","23","23"
122,"Carrie Bunch","Horror","23","23"
437,"House Dynamite","Family","23","23"
961,"Wash Heavenly","Foreign","23","23"
327,"Fool Mockingbird","Action","23","23"
4,"Affair Prejudice","Horror","23","23"
843,"Steel Santa","Classics","23","23"
191,"Crooked Frogmen","Children","23","23"
608,"Murder Antitrust","Children","23","23"
51,"Balloon Homeward","Music","23","23"
915,"Truman Crazy","Action","23","23"
645,"Others Soup","Travel","23","23"
857,"Strictly Scarface","Comedy","23","23"
676,"Philadelphia Wife","Sports","23","23"
270,"Earth Vision","New","23","23"
614,"Name Detective","Games","23","23"
914,"Trouble Date","Travel","23","23"
518,"Liaisons Sweet","Travel","22","22"
898,"Tourist Pelican","Sports","22","22"
415,"High Encino","Horror","22","22"
706,"Queen Luke","Drama","22","22"
782,"Shakespeare Saddle","Sports","22","22"
322,"Flatliners Killer","Sports","22","22"
376,"Grapes Fury","Foreign","22","22"
814,"Snatch Slipper","Comedy","22","22"
314,"Fight Jawbreaker","Animation","22","22"
18,"Alter Victory","Animation","22","22"
800,"Sinners Atlantis","Horror","22","22"
267,"Eagles Panky","New","22","22"
61,"Beauty Grease","Drama","22","22"
25,"Angels Life","New","22","22"
79,"Blade Polish","Drama","22","22"
772,"Sea Virgin","Drama","22","22"
575,"Midsummer Groundhog","Documentary","22","22"
89,"Borrowers Bedazzled","Animation","22","22"
26,"Annie Identity","Sci-Fi","22","22"
59,"Bear Graceland","Children","22","22"
15,"Alien Center","Foreign","22","22"
21,"American Circus","Action","22","22"
54,"Banger Pinocchio","Music","22","22"
406,"Haunting Pianist","Games","22","22"
408,"Head Stranger","Games","22","22"
949,"Volcano Texas","Games","22","22"
143,"Chill Luck","Drama","22","22"
985,"Wonderland Christmas","Sci-Fi","22","22"
176,"Congeniality Quest","Sports","22","22"
142,"Chicken Hellfighters","Documentary","22","22"
823,"South Wait","Action","22","22"
556,"Maltese Hope","Games","22","22"
651,"Packer Madigan","Animation","22","22"
252,"Dream Pickup","Action","22","22"
500,"Kiss Glory","Foreign","22","22"
428,"Homicide Peach","Family","22","22"
300,"Falcon Volume","Animation","22","22"
972,"Whisperer Giant","Sci-Fi","22","22"
444,"Hustler Party","Comedy","22","22"
596,"Moonshine Cabin","Games","21","21"
806,"Sleepy Japanese","New","21","21"
37,"Arizona Bang","Classics","21","21"
23,"Anaconda Confessions","Animation","21","21"
280,"Empire Malkovich","Children","21","21"
19,"Amadeus Holy","Action","21","21"
249,"Dracula Crystal","Classics","21","21"
193,"Crossroads Casualties","Animation","21","21"
39,"Armageddon Lost","Sci-Fi","21","21"
100,"Brooklyn Desert","Foreign","21","21"
922,"Undefeated Dalmations","Horror","21","21"
138,"Chariots Conspiracy","Sci-Fi","21","21"
67,"Berets Agent","Action","21","21"
164,"Coast Rainbow","Documentary","21","21"
129,"Cause Date","Documentary","21","21"
57,"Basic Easy","Travel","21","21"
313,"Fidelity Devil","Horror","21","21"
637,"Open African","Sci-Fi","21","21"
807,"Sleuth Orient","Games","21","21"
242,"Doom Dancing","Comedy","21","21"
274,"Egg Igby","Documentary","21","21"
218,"Deceiver Betrayed","Drama","21","21"
727,"Resurrection Silverado","Family","21","21"
235,"Divide Monster","Sci-Fi","21","21"
930,"Vacation Boondock","Sci-Fi","21","21"
49,"Badman Dawn","Sci-Fi","21","21"
354,"Ghost Groundhog","Children","21","21"
681,"Pirates Roxanne","Sports","21","21"
846,"Sting Personal","New","21","21"
317,"Fireball Philadelphia","Comedy","21","21"
255,"Driving Polish","Music","21","21"
920,"Unbreakable Karate","New","21","21"
22,"Amistad Midsummer","New","21","21"
755,"Sabrina Midnight","Children","21","21"
292,"Excitement Eve","Action","21","21"
776,"Secret Groundhog","Documentary","21","21"
953,"Wait Cider","Animation","21","21"
677,"Pianist Outfield","New","21","21"
416,"Highball Potter","Foreign","21","21"
514,"Lebowski Soldiers","Drama","21","21"
6,"Agent Truman","Foreign","21","21"
841,"Star Operation","Sports","21","21"
112,"Calendar Gunfight","Foreign","21","21"
132,"Chainsaw Uptown","Sci-Fi","21","21"
981,"Wolves Desire","Travel","21","21"
83,"Blues Instinct","Family","21","21"
861,"Suit Walls","Games","21","21"
602,"Mourning Purple","Sci-Fi","21","21"
377,"Grease Youth","Family","21","21"
149,"Christmas Moonshine","Children","21","21"
69,"Beverly Outlaw","Sci-Fi","21","21"
833,"Splendor Patton","Children","21","21"
465,"Interview Liaisons","New","20","20"
363,"Go Purple","Music","20","20"
467,"Intrigue Worst","Foreign","20","20"
350,"Garden Island","Sci-Fi","20","20"
414,"Hellfighters Sierra","Foreign","20","20"
668,"Peak Forever","Sports","20","20"
805,"Sleepless Monsoon","Animation","20","20"
993,"Wrong Behavior","Children","20","20"
733,"River Outlaw","Sports","20","20"
140,"Cheaper Clyde","Sci-Fi","20","20"
462,"Insider Arizona","Music","20","20"
99,"Bringing Hysterical","Comedy","20","20"
778,"Secrets Paradise","Family","20","20"
743,"Room Roman","Animation","20","20"
680,"Pinocchio Simon","Comedy","20","20"
496,"Kick Savannah","Travel","20","20"
147,"Chocolat Harry","Family","20","20"
728,"Reunion Witches","Drama","20","20"
647,"Outfield Massacre","Music","20","20"
409,"Heartbreakers Bright","Children","20","20"
326,"Flying Hook","Animation","20","20"
590,"Money Harold","New","20","20"
486,"Jet Neighbors","Foreign","20","20"
851,"Straight Hours","Sports","20","20"
845,"Stepmom Dream","Foreign","20","20"
501,"Kissing Dolls","Action","20","20"
628,"Northwest Polish","Sports","20","20"
439,"Hunchback Impossible","Drama","20","20"
579,"Minds Truman","Action","20","20"
535,"Love Suicides","Horror","20","20"
562,"Masked Bubble","Music","20","20"
720,"Redemption Comforts","New","20","20"
707,"Quest Mussolini","Action","20","20"
402,"Harper Dying","Animation","20","20"
139,"Chasing Fight","Family","20","20"
694,"Prejudice Oleander","Classics","20","20"
204,"Dalmations Sweden","Drama","20","20"
723,"Reign Gentlemen","Sci-Fi","20","20"
578,"Million Ace","Classics","20","20"
484,"Jerk Paycheck","Classics","20","20"
827,"Spice Sorority","Drama","20","20"
906,"Tramp Others","Comedy","20","20"
231,"Dinosaur Secretary","Family","20","20"
785,"Shawshank Bubble","Travel","19","19"
97,"Bride Intrigue","Action","19","19"
560,"Mars Roman","Games","19","19"
233,"Disciple Mother","Travel","19","19"
725,"Requiem Tycoon","Classics","19","19"
580,"Mine Titans","New","19","19"
457,"Independence Hotel","Documentary","19","19"
631,"Novocaine Flight","Sports","19","19"
690,"Pond Seattle","Animation","19","19"
298,"Eyes Driving","Sci-Fi","19","19"
158,"Clones Pinocchio","Music","19","19"
118,"Canyon Stock","Animation","19","19"
396,"Hanging Deep","Drama","19","19"
864,"Sundance Invasion","Children","19","19"
429,"Honey Ties","Sports","19","19"
344,"Fury Murder","Children","19","19"
747,"Roxanne Rebel","Games","19","19"
222,"Desert Poseidon","Horror","19","19"
48,"Backlash Undefeated","Children","19","19"
269,"Earring Instinct","Family","19","19"
619,"Neighbors Charade","Sports","19","19"
150,"Cider Desire","Documentary","19","19"
282,"Encounters Curtain","Drama","19","19"
818,"Something Duck","Drama","19","19"
72,"Bill Others","Documentary","19","19"
302,"Fantasia Park","Games","19","19"
281,"Encino Elf","Games","19","19"
912,"Trojan Tomorrow","Sci-Fi","19","19"
948,"Voice Peach","New","19","19"
663,"Patient Sister","Classics","19","19"
160,"Club Graffiti","Animation","19","19"
451,"Igby Maker","Travel","19","19"
345,"Gables Metropolis","Family","19","19"
479,"Jedi Beneath","Family","19","19"
436,"Hours Rage","New","19","19"
243,"Doors President","Animation","19","19"
227,"Details Packer","Games","19","19"
370,"Gorgeous Bingo","Children","19","19"
734,"Road Roxanne","Documentary","19","19"
311,"Fiction Christmas","Foreign","19","19"
887,"Thief Pelican","Animation","19","19"
115,"Campus Remember","Action","19","19"
616,"National Story","Documentary","19","19"
710,"Rage Games","Family","19","19"
610,"Music Boondock","Family","19","19"
155,"Cleopatra Devil","New","18","18"
346,"Galaxy Sweethearts","Classics","18","18"
936,"Vanishing Rocky","Music","18","18"
432,"Hope Tootsie","Classics","18","18"
688,"Polish Brooklyn","Children","18","18"
90,"Boulevard Mob","New","18","18"
724,"Remember Diary","Family","18","18"
456,"Inch Jet","Animation","18","18"
215,"Dawn Pond","Games","18","18"
184,"Core Suit","Classics","18","18"
871,"Sweden Shining","Comedy","18","18"
461,"Insects Stone","Animation","18","18"
971,"Whale Bikini","Foreign","18","18"
17,"Alone Trip","Music","18","18"
986,"Wonka Sea","Animation","18","18"
294,"Expecations Natural","Travel","18","18"
812,"Smoking Barbarella","Documentary","18","18"
924,"Unforgiven Zoolander","Sci-Fi","18","18"
286,"Enough Raging","Travel","18","18"
746,"Rouge Squad","Games","18","18"
77,"Birds Perdition","New","18","18"
777,"Secretary Rouge","Sports","18","18"
474,"Jade Bunch","Sports","18","18"
254,"Driver Annie","Sports","18","18"
473,"Jacket Frisco","Drama","18","18"
524,"Lion Uncut","Comedy","18","18"
709,"Racer Egg","Drama","18","18"
212,"Darn Forrester","Action","18","18"
383,"Groove Fiction","Sports","18","18"
56,"Barefoot Manchurian","Action","18","18"
657,"Paradise Sabrina","Comedy","18","18"
329,"Forrest Sons","Action","18","18"
8,"Airport Pollock","Horror","18","18"
689,"Pollock Deliverance","Foreign","18","18"
121,"Carol Texas","Animation","18","18"
967,"Weekend Personal","Sci-Fi","18","18"
768,"Scarface Bang","Children","18","18"
463,"Instinct Airport","Sports","18","18"
583,"Mission Zoolander","Animation","18","18"
116,"Candidate Perdition","Classics","18","18"
410,"Heaven Freedom","Comedy","18","18"
385,"Groundhog Uncut","Comedy","18","18"
251,"Dragonfly Strangers","New","18","18"
534,"Louisiana Harry","Family","17","17"
380,"Greek Everyone","Foreign","17","17"
552,"Majestic Floats","Documentary","17","17"
944,"Virgin Daisy","Drama","17","17"
424,"Holocaust Highball","Children","17","17"
58,"Beach Heartbreakers","Documentary","17","17"
859,"Sugar Wonka","Animation","17","17"
265,"Dying Maker","Comedy","17","17"
333,"Freaky Pocus","Music","17","17"
464,"Intentions Empire","Animation","17","17"
175,"Confused Candles","Family","17","17"
481,"Jekyll Frogmen","New","17","17"
169,"Comforts Rush","Travel","17","17"
737,"Rock Instinct","Horror","17","17"
336,"French Holiday","Documentary","17","17"
803,"Slacker Liaisons","Drama","17","17"
95,"Breakfast Goldfinger","New","17","17"
999,"Zoolander Fiction","Children","17","17"
488,"Joon Northwest","Sports","17","17"
611,"Musketeers Wait","Classics","17","17"
275,"Egypt Tenenbaums","Horror","17","17"
626,"Noon Papi","Children","17","17"
348,"Gandhi Kwai","Family","17","17"
299,"Factory Dragon","Travel","17","17"
672,"Perfect Groove","Comedy","17","17"
854,"Strangers Graffiti","Horror","17","17"
717,"Rear Trading","Action","17","17"
964,"Waterfront Deliverance","Action","17","17"
574,"Midnight Westward","Action","17","17"
561,"Mask Peach","New","17","17"
308,"Ferris Mother","Comedy","17","17"
183,"Conversation Downhill","Family","17","17"
398,"Hanover Galaxy","Music","17","17"
744,"Roots Remember","Classics","17","17"
623,"Newton Labyrinth","Foreign","17","17"
510,"Lawless Vision","Animation","17","17"
691,"Poseidon Forever","Sports","17","17"
877,"Taxi Kick","Music","17","17"
878,"Teen Apollo","Travel","17","17"
483,"Jericho Mulan","Games","17","17"
506,"Lady Stage","Horror","17","17"
448,"Idaho Love","New","17","17"
763,"Satisfaction Confidential","Sports","17","17"
324,"Flintstones Happiness","Comedy","17","17"
643,"Orient Closer","Drama","17","17"
512,"League Hellfighters","Classics","17","17"
925,"United Pilot","Documentary","17","17"
70,"Bikini Borrowers","Animation","17","17"
693,"Potter Connecticut","Animation","17","17"
351,"Gaslight Crusade","Horror","16","16"
749,"Rules Human","Horror","16","16"
480,"Jeepers Wedding","Classics","16","16"
40,"Army Flintstones","Documentary","16","16"
226,"Destiny Saturday","New","16","16"
42,"Artist Coldblooded","Sports","16","16"
105,"Bull Shawshank","Action","16","16"
179,"Conquerer Nuts","Drama","16","16"
606,"Mummy Creatures","Sports","16","16"
855,"Streak Ridgemont","Documentary","16","16"
186,"Craft Outfield","Drama","16","16"
260,"Dude Blindness","Sports","16","16"
908,"Trap Guys","Foreign","16","16"
704,"Pure Runner","Comedy","16","16"
927,"Uprising Uptown","Action","16","16"
189,"Creatures Shakespeare","Games","16","16"
85,"Bonnie Holocaust","Documentary","16","16"
708,"Quills Bull","Documentary","16","16"
165,"Coldblooded Darling","Sci-Fi","16","16"
392,"Hall Cassidy","Children","16","16"
170,"Command Darling","Foreign","16","16"
111,"Caddyshack Jedi","Action","16","16"
686,"Pluto Oleander","New","16","16"
123,"Casablanca Super","Travel","16","16"
50,"Baked Cleopatra","Family","16","16"
203,"Daisy Menagerie","Sci-Fi","16","16"
678,"Pickup Driving","Sports","16","16"
956,"Wanda Chamber","Games","16","16"
526,"Lock Rear","Travel","16","16"
601,"Moulin Wake","Travel","16","16"
44,"Attacks Hate","Sci-Fi","16","16"
696,"Pride Alamo","Animation","16","16"
664,"Patriot Roman","Action","16","16"
600,"Motions Details","Horror","16","16"
963,"Watch Tracy","Animation","16","16"
937,"Varsity Trip","New","16","16"
666,"Paycheck Wait","Drama","16","16"
570,"Mermaid Insects","Sports","16","16"
809,"Slipper Fidelity","Sports","16","16"
975,"Willow Tracy","Family","16","16"
980,"Wizard Coldblooded","Music","16","16"
739,"Rocky War","Drama","16","16"
969,"West Lion","Drama","16","16"
427,"Homeward Cider","Documentary","16","16"
458,"Indian Love","Family","16","16"
716,"Reap Unfaithful","Horror","16","16"
141,"Chicago North","Games","16","16"
862,"Summer Scarface","Classics","16","16"
757,"Sagebrush Clueless","Documentary","16","16"
797,"Silence Kane","Music","16","16"
991,"Worst Banger","Action","16","16"
987,"Words Hunter","Music","16","16"
679,"Pilot Hoosiers","Family","16","16"
373,"Graduate Lord","Children","16","16"
110,"Cabin Flash","Children","15","15"
589,"Modern Dorado","Documentary","15","15"
236,"Divine Resurrection","Games","15","15"
201,"Cyclone Family","Foreign","15","15"
446,"Hysterical Grail","Sports","15","15"
272,"Edge Kissing","Drama","15","15"
788,"Ship Wonderland","Documentary","15","15"
442,"Hunting Musketeers","Family","15","15"
532,"Loser Hustler","Sports","15","15"
598,"Mosquito Armageddon","Sports","15","15"
907,"Translation Summer","Drama","15","15"
287,"Entrapment Satisfaction","Action","15","15"
421,"Holiday Games","Foreign","15","15"
654,"Panky Submarine","Games","15","15"
438,"Human Graffiti","Games","15","15"
232,"Dirty Ace","Games","15","15"
557,"Manchurian Curtain","Family","15","15"
792,"Shrek License","Foreign","15","15"
420,"Holes Brannigan","Sports","15","15"
932,"Valley Packer","Comedy","15","15"
615,"Nash Chocolat","Animation","15","15"
542,"Lust Lock","Action","15","15"
137,"Charade Duffel","Sci-Fi","15","15"
588,"Model Fish","Children","15","15"
68,"Betrayed Rear","Children","15","15"
795,"Siege Madre","Family","15","15"
229,"Devil Desire","Action","15","15"
655,"Panther Reds","Sci-Fi","15","15"
820,"Sons Interview","Animation","15","15"
796,"Sierra Divide","Sports","15","15"
152,"Circus Youth","Children","15","15"
84,"Boiled Dares","Travel","15","15"
858,"Submarine Bed","Comedy","15","15"
844,"Steers Armageddon","Sports","15","15"
505,"Labyrinth League","Children","15","15"
618,"Necklace Outbreak","Drama","15","15"
7,"Airplane Sierra","Comedy","15","15"
28,"Anthem Luke","Comedy","15","15"
872,"Sweet Brotherhood","Travel","15","15"
634,"Odds Boogie","Family","15","15"
544,"Madison Trap","Documentary","15","15"
988,"Worker Tarzan","Travel","15","15"
529,"Lonely Elephant","Comedy","15","15"
732,"Rings Heartbreakers","Action","15","15"
942,"Vietnam Smoochy","Drama","15","15"
770,"Scissorhands Slums","Foreign","15","15"
452,"Illusion Amelie","Foreign","15","15"
962,"Wasteland Divine","Classics","15","15"
830,"Spirit Flintstones","Horror","15","15"
896,"Tootsie Pilot","Children","15","15"
592,"Monster Spartacus","Music","15","15"
394,"Hamlet Wisdom","Sci-Fi","14","14"
277,"Elephant Trojan","Horror","14","14"
455,"Impossible Prejudice","Foreign","14","14"
360,"Glass Dying","Action","14","14"
493,"Kane Exorcist","Foreign","14","14"
840,"Stampede Disturbing","Games","14","14"
783,"Shane Darkness","Travel","14","14"
241,"Donnie Alley","Animation","14","14"
916,"Turn Star","Animation","14","14"
546,"Madre Gables","Games","14","14"
946,"Virtual Spoilers","Family","14","14"
658,"Paris Weekend","Horror","14","14"
81,"Blindness Gun","Sci-Fi","14","14"
793,"Shrunk Divine","Action","14","14"
913,"Troopers Metal","New","14","14"
667,"Peach Innocent","Sports","14","14"
648,"Outlaw Hanky","Travel","14","14"
992,"Wrath Mile","Documentary","14","14"
365,"Gold River","Comedy","14","14"
24,"Analyze Hoosiers","Horror","14","14"
190,"Creepers Kane","Classics","14","14"
847,"Stock Glass","New","14","14"
673,"Personal Ladybugs","Music","14","14"
379,"Greedy Roots","Drama","14","14"
894,"Tomatoes Hellfighters","Travel","14","14"
629,"Notorious Reunion","Documentary","14","14"
921,"Uncut Suicides","Music","14","14"
620,"Nemo Campus","Sci-Fi","14","14"
900,"Town Ark","Foreign","14","14"
347,"Games Bowfinger","Travel","14","14"
205,"Dances None","Action","14","14"
599,"Mother Oleander","Sports","14","14"
216,"Day Unfaithful","New","14","14"
16,"Alley Evolution","Foreign","14","14"
652,"Pajama Jawbreaker","Classics","14","14"
478,"Jaws Harry","Comedy","14","14"
381,"Grinch Massage","Games","14","14"
426,"Home Pity","Music","14","14"
219,"Deep Crusade","Documentary","14","14"
173,"Confessions Maguire","Drama","14","14"
832,"Splash Gump","Family","14","14"
774,"Searchers Wait","Comedy","14","14"
453,"Image Princess","Sports","14","14"
756,"Saddle Antitrust","Comedy","14","14"
968,"Werewolf Lola","Action","14","14"
536,"Lovely Jingle","Classics","14","14"
784,"Shanghai Tycoon","Travel","14","14"
711,"Raging Airplane","Sci-Fi","13","13"
573,"Microcosmos Paradise","Children","13","13"
736,"Robbery Bright","Family","13","13"
917,"Tuxedo Mile","Sports","13","13"
577,"Mile Mulan","Sports","13","13"
660,"Party Knock","Comedy","13","13"
133,"Chamber Italian","Music","13","13"
258,"Drums Dynamite","Horror","13","13"
98,"Bright Encounters","Drama","13","13"
568,"Memento Zoolander","Comedy","13","13"
151,"Cincinatti Whisperer","Sci-Fi","13","13"
449,"Identity Lover","Sci-Fi","13","13"
153,"Citizen Shrek","Sci-Fi","13","13"
134,"Champion Flatliners","Animation","13","13"
209,"Darkness War","Drama","13","13"
71,"Bilko Anonymous","Family","13","13"
296,"Express Lonely","Sci-Fi","13","13"
213,"Date Speed","Family","13","13"
487,"Jingle Sagebrush","Classics","13","13"
617,"Natural Stock","Family","13","13"
829,"Spinal Rocky","Family","13","13"
593,"Monterey Labyrinth","Horror","13","13"
765,"Saturn Name","Comedy","13","13"
705,"Purple Movie","Foreign","13","13"
994,"Wyoming Storm","New","13","13"
96,"Breaking Home","New","13","13"
145,"Chisum Behavior","Family","13","13"
34,"Arabia Dogma","Horror","13","13"
177,"Connecticut Tramp","Sci-Fi","13","13"
27,"Anonymous Human","Sports","13","13"
430,"Hook Chariots","Animation","13","13"
597,"Moonwalker Fool","Games","13","13"
867,"Super Wyoming","Family","13","13"
63,"Bedazzled Married","Family","13","13"
293,"Exorcist Sting","Sports","13","13"
604,"Mulan Moon","Comedy","13","13"
762,"Sassy Packer","Games","13","13"
423,"Hollywood Anonymous","Children","13","13"
639,"Opposite Necklace","Family","13","13"
65,"Behavior Runaway","Horror","13","13"
511,"Lawrence Love","Action","13","13"
440,"Hunger Roof","Foreign","13","13"
842,"State Wasteland","Games","13","13"
929,"Usual Untouchables","Foreign","13","13"
828,"Spiking Element","Classics","13","13"
290,"Everyone Craft","Foreign","13","13"
202,"Daddy Pittsburgh","Comedy","13","13"
882,"Tenenbaums Command","Drama","13","13"
540,"Lucky Flying","Music","13","13"
661,"Past Suicides","Foreign","13","13"
328,"Forever Candidate","Children","13","13"
321,"Flash Wars","New","13","13"
564,"Massage Image","Animation","12","12"
576,"Mighty Luck","Documentary","12","12"
93,"Brannigan Sunrise","New","12","12"
113,"California Birds","Sports","12","12"
682,"Pittsburgh Hunchback","Family","12","12"
80,"Blanket Beverly","Family","12","12"
928,"Uptown Young","Children","12","12"
933,"Vampire Whale","New","12","12"
821,"Sorority Queen","Foreign","12","12"
794,"Side Ark","Action","12","12"
88,"Born Spinal","Travel","12","12"
931,"Valentine Vanishing","Travel","12","12"
957,"War Notting","Foreign","12","12"
9,"Alabama Devil","Horror","12","12"
798,"Silverado Goldfinger","Sci-Fi","12","12"
538,"Loverboy Attacks","New","12","12"
977,"Window Side","Travel","12","12"
389,"Gunfighter Mussolini","Sports","12","12"
766,"Savannah Town","Drama","12","12"
825,"Speakeasy Date","Action","12","12"
519,"Liberty Magnificent","Sports","12","12"
5,"African Egg","Family","12","12"
881,"Temple Attraction","Horror","12","12"
413,"Hedwig Alter","Comedy","12","12"
291,"Evolution Alter","Sports","12","12"
194,"Crow Grease","Action","12","12"
585,"Mob Duffel","Drama","12","12"
3,"Adaptation Holes","Documentary","12","12"
567,"Meet Chocolate","Foreign","12","12"
533,"Lost Bird","Foreign","12","12"
323,"Flight Lies","Sports","12","12"
207,"Dangerous Uptown","Foreign","12","12"
315,"Finding Anaconda","Family","12","12"
813,"Smoochy Control","Sports","12","12"
919,"Tycoon Gathering","Games","12","12"
581,"Minority Kiss","Music","12","12"
831,"Spirited Casualties","Sci-Fi","11","11"
257,"Drumline Cyclone","Travel","11","11"
587,"Mod Secretary","Documentary","11","11"
530,"Lord Arizona","Action","11","11"
64,"Beethoven Exorcist","Drama","11","11"
92,"Bowfinger Gables","Horror","11","11"
886,"Theory Mermaid","Animation","11","11"
889,"Ties Hunger","Children","11","11"
729,"Rider Caddyshack","Sports","11","11"
853,"Stranger Strangers","Children","11","11"
633,"October Submarine","Classics","11","11"
283,"Ending Crowds","New","11","11"
627,"North Tequila","Documentary","11","11"
352,"Gathering Calendar","Games","11","11"
899,"Towers Hurricane","Classics","11","11"
692,"Potluck Mixed","Animation","11","11"
905,"Trainspotting Strangers","Comedy","11","11"
187,"Cranes Reservoir","Sports","11","11"
888,"Thin Sagebrush","Documentary","11","11"
640,"Opus Ice","Foreign","11","11"
306,"Feathers Metal","Games","11","11"
848,"Stone Fire","Travel","11","11"
337,"Frida Slipper","Foreign","11","11"
210,"Darko Dorado","Action","11","11"
250,"Dragon Squad","Action","11","11"
509,"Language Cowboy","Children","11","11"
74,"Birch Antitrust","Music","11","11"
75,"Bird Independence","Travel","11","11"
700,"Prix Undefeated","Family","11","11"
819,"Song Hedwig","Music","11","11"
722,"Reef Salute","Horror","11","11"
761,"Santa Paris","Children","11","11"
46,"Autumn Crow","Games","11","11"
549,"Magnolia Forrester","Action","11","11"
918,"Twisted Pirates","Children","11","11"
60,"Beast Hunchback","Classics","11","11"
342,"Fugitive Maguire","Travel","11","11"
104,"Bugsy Song","Foreign","11","11"
469,"Iron Moon","Classics","11","11"
508,"Lambs Cincinatti","Games","10","10"
636,"Oleander Clue","Music","10","10"
740,"Rollercoaster Bringing","Horror","10","10"
539,"Luck Opus","Drama","10","10"
750,"Run Pacific","New","10","10"
29,"Antitrust Tomatoes","Action","10","10"
834,"Spoilers Hellfighters","Documentary","10","10"
312,"Fiddler Lost","Sci-Fi","10","10"
811,"Smile Earring","Travel","10","10"
375,"Grail Frankenstein","Action","10","10"
543,"Madigan Dorado","Travel","10","10"
952,"Wagon Jaws","Documentary","10","10"
528,"Lolita World","Family","10","10"
157,"Clockwork Paradise","Children","10","10"
960,"Wars Pluto","Documentary","10","10"
662,"Paths Control","Drama","10","10"
477,"Jawbreaker Brooklyn","Music","10","10"
613,"Mystic Truman","Comedy","10","10"
731,"Right Cranes","Classics","10","10"
393,"Halloween Nuts","Documentary","10","10"
630,"Notting Speakeasy","Drama","10","10"
482,"Jeopardy Encino","Classics","10","10"
66,"Beneath Rush","Children","10","10"
368,"Gone Trouble","Drama","10","10"
537,"Lover Truman","Classics","10","10"
422,"Hollow Jeopardy","Sci-Fi","10","10"
20,"Amelie Hellfighters","Music","10","10"
276,"Element Freddy","Comedy","10","10"
780,"Sensibility Rear","Family","10","10"
553,"Maker Gables","Children","10","10"
82,"Blood Argonauts","Family","10","10"
837,"Stage World","Comedy","10","10"
246,"Doubtfire Labyrinth","Foreign","10","10"
522,"Life Twisted","Comedy","10","10"
868,"Superfly Trip","Travel","10","10"
726,"Reservoir Adaptation","Foreign","10","10"
339,"Frogmen Breaking","Travel","10","10"
279,"Elizabeth Shane","Sports","10","10"
76,"Birdcage Casper","Music","9","9"
466,"Intolerable Intentions","Documentary","9","9"
390,"Guys Falcon","Sci-Fi","9","9"
550,"Maguire Apache","Family","9","9"
685,"Platoon Instinct","New","9","9"
30,"Anything Savannah","Horror","9","9"
256,"Drop Waterfront","Sports","9","9"
998,"Zhivago Core","Horror","9","9"
632,"Nuts Ties","New","9","9"
355,"Ghostbusters Elf","Animation","9","9"
721,"Reds Pocus","Music","9","9"
230,"Diary Panic","Drama","9","9"
13,"Ali Forever","Horror","9","9"
824,"Spartacus Cheaper","Family","9","9"
594,"Montezuma Command","Action","9","9"
435,"Hotel Happiness","Foreign","9","9"
934,"Vanilla Day","Games","9","9"
826,"Speed Suit","Travel","9","9"
264,"Dwarfs Alter","Games","9","9"
211,"Darling Breaking","Games","9","9"
120,"Caribbean Liberty","Sports","9","9"
425,"Holy Tadpole","Classics","9","9"
208,"Dares Pluto","Animation","9","9"
214,"Daughter Madigan","Children","9","9"
983,"Won Dares","Music","9","9"
338,"Frisco Forrest","Sci-Fi","9","9"
499,"King Evolution","Family","9","9"
492,"Jungle Closer","New","9","9"
815,"Snatchers Montezuma","Classics","9","9"
503,"Kramer Chocolate","Sports","9","9"
714,"Random Go","Sci-Fi","9","9"
515,"Legally Secretary","Children","9","9"
978,"Wisdom Worker","Comedy","9","9"
454,"Impact Aladdin","Music","9","9"
984,"Wonderful Drop","Foreign","9","9"
582,"Miracle Virtual","Animation","9","9"
188,"Crazy Home","Comedy","9","9"
240,"Dolls Rage","Sci-Fi","9","9"
940,"Victory Academy","Sports","9","9"
591,"Monsoon Cause","Games","9","9"
565,"Matrix Snowman","Foreign","9","9"
357,"Gilbert Pelican","Classics","9","9"
126,"Casualties Encino","Action","9","9"
516,"Legend Jedi","Music","9","9"
523,"Lights Deer","Classics","8","8"
225,"Destination Jerk","Drama","8","8"
47,"Baby Hall","Foreign","8","8"
656,"Papi Necklace","Travel","8","8"
990,"World Leathernecks","Horror","8","8"
431,"Hoosiers Birdcage","Foreign","8","8"
703,"Punk Divorce","Animation","8","8"
364,"Godfather Diary","New","8","8"
52,"Ballroom Mockingbird","Foreign","8","8"
197,"Crusade Honey","Sports","8","8"
548,"Magnificent Chitty","Classics","8","8"
223,"Desire Alien","Animation","8","8"
923,"Unfaithful Kill","Drama","8","8"
146,"Chitty Lock","Drama","8","8"
659,"Park Citizen","Action","8","8"
866,"Sunset Racer","Family","8","8"
817,"Soldiers Evolution","Sci-Fi","8","8"
163,"Clyde Theory","New","8","8"
136,"Chaplin License","New","8","8"
719,"Records Zorro","Sports","8","8"
787,"Shining Roses","Travel","8","8"
401,"Harold French","Drama","8","8"
718,"Rebel Airport","Music","8","8"
876,"Tarzan Videotape","Horror","8","8"
751,"Runaway Tenenbaums","New","8","8"
752,"Runner Madigan","Music","8","8"
926,"Untouchables Sunrise","Documentary","8","8"
758,"Saints Bride","Drama","8","8"
822,"Soup Wisdom","Family","8","8"
674,"Pet Haunting","Foreign","8","8"
124,"Casper Dragonfly","Children","8","8"
939,"Vertigo Northwest","Comedy","8","8"
371,"Gosford Donnie","Action","8","8"
384,"Grosse Wonderful","Music","8","8"
566,"Maude Mod","Foreign","8","8"
490,"Jumanji Blade","New","8","8"
411,"Heavenly Gun","Music","7","7"
289,"Eve Resurrection","New","7","7"
106,"Bulworth Commandments","Games","7","7"
547,"Magic Mallrats","Children","7","7"
156,"Clerks Angels","Documentary","7","7"
261,"Duffel Apocalypse","Documentary","7","7"
316,"Fire Wolves","Games","7","7"
268,"Early Home","Animation","7","7"
541,"Luke Mummy","Animation","7","7"
248,"Dozen Lion","Documentary","7","7"
569,"Menagerie Rushmore","Animation","7","7"
185,"Cowboy Doom","Foreign","7","7"
695,"President Bang","Family","7","7"
517,"Lesson Cleopatra","Sports","7","7"
836,"Squad Fish","Sports","7","7"
238,"Doctor Grail","Children","7","7"
407,"Hawk Chill","Documentary","7","7"
839,"Stallion Sundance","Sci-Fi","7","7"
935,"Vanished Garden","New","7","7"
470,"Ishtar Rocketeer","Animation","7","7"
178,"Connection Microcosmos","Comedy","7","7"
182,"Control Anthem","Comedy","7","7"
161,"Clue Grail","Music","7","7"
622,"Newsies Story","Documentary","7","7"
513,"Leathernecks Dwarfs","Travel","7","7"
520,"License Weekend","Sci-Fi","7","7"
779,"Sense Greek","Sports","7","7"
196,"Cruelty Unforgiven","Classics","7","7"
278,"Elf Murder","Music","7","7"
947,"Vision Torque","Foreign","7","7"
653,"Panic Club","Horror","7","7"
684,"Pizza Jumanji","Games","7","7"
996,"Young Language","Documentary","7","7"
605,"Mulholland Beast","Foreign","7","7"
910,"Treatment Jekyll","Drama","7","7"
237,"Divorce Shining","Sports","7","7"
2,"Ace Goldfinger","Horror","7","7"
53,"Bang Kwai","Family","7","7"
372,"Graceland Dynamite","Sports","6","6"
32,"Apocalypse Flamingos","New","6","6"
475,"Japanese Run","Horror","6","6"
507,"Ladybugs Armageddon","Games","6","6"
340,"Frontier Cabin","New","6","6"
405,"Haunted Antitrust","Travel","6","6"
297,"Extraordinary Conquerer","Classics","6","6"
808,"Sling Luke","Classics","6","6"
224,"Desperate Trainspotting","Travel","6","6"
885,"Texas Watch","Horror","6","6"
884,"Terminator Club","Music","6","6"
769,"School Jacket","Foreign","6","6"
965,"Watership Frontier","Horror","6","6"
399,"Happiness United","Foreign","6","6"
259,"Duck Racer","Animation","6","6"
485,"Jersey Sassy","Children","6","6"
675,"Phantom Glory","New","6","6"
262,"Dumbo Lust","Family","6","6"
883,"Tequila Past","Children","6","6"
799,"Simon North","Horror","6","6"
472,"Italian African","Travel","6","6"
997,"Youth Kick","Music","6","6"
102,"Bubble Grosse","Sports","6","6"
754,"Rushmore Mermaid","Comedy","6","6"
125,"Cassidy Wyoming","Travel","6","6"
635,"Oklahoma Jumanji","New","6","6"
959,"Warlock Werewolf","Children","6","6"
498,"Killer Innocent","Family","6","6"
62,"Bed Highball","Documentary","6","6"
974,"Wild Apollo","New","6","6"
168,"Comancheros Enemy","Children","6","6"
335,"Freedom Cleopatra","Comedy","5","5"
343,"Full Flatliners","Children","5","5"
310,"Fever Empire","Games","5","5"
362,"Glory Tracy","Games","5","5"
459,"Informer Double","Foreign","5","5"
180,"Conspiracy Spirit","Classics","5","5"
612,"Mussolini Spoilers","Sports","5","5"
781,"Seven Swarm","Games","5","5"
441,"Hunter Alter","Documentary","5","5"
699,"Private Drop","Games","5","5"
107,"Bunch Minds","Drama","5","5"
903,"Traffic Hobbit","Travel","5","5"
94,"Braveheart Human","Family","5","5"
558,"Mannequin Worst","New","5","5"
584,"Mixed Doors","Foreign","4","4"
904,"Train Bunch","Horror","4","4"
400,"Hardly Robbers","Documentary","4","4"
33,"Apollo Teen","Drama","0","0"
359,"Gladiator Westward","Family","0","0"
860,"Suicides Silence","Sci-Fi","0","0"
128,"Catch Amistad","Foreign","0","0"
607,"Muppet Mile","Foreign","0","0"
36,"Argonauts Town","Animation","0","0"
87,"Boondock Ballroom","Travel","0","0"
955,"Walls Artist","Children","0","0"
144,"Chinatown Gladiator","New","0","0"
221,"Deliverance Mulholland","Documentary","0","0"
14,"Alice Fantasia","Classics","0","0"
386,"Gump Date","Travel","0","0"
671,"Perdition Fargo","Sports","0","0"
497,"Kill Brotherhood","Documentary","0","0"
642,"Order Betrayed","Travel","0","0"
325,"Floats Garden","Animation","0","0"
38,"Ark Ridgemont","Action","0","0"
802,"Sky Miracle","Action","0","0"
195,"Crowds Telemark","Sci-Fi","0","0"
801,"Sister Freddy","Children","0","0"
954,"Wake Jaws","New","0","0"
404,"Hate Handicap","Comedy","0","0"
701,"Psycho Shrunk","Games","0","0"
198,"Crystal Breaking","Foreign","0","0"
950,"Volume House","Classics","0","0"
419,"Hocus Frida","Family","0","0"
171,"Commandments Express","Horror","0","0"
108,"Butch Panther","New","0","0"
332,"Frankenstein Stranger","Comedy","0","0"
148,"Chocolate Duck","Foreign","0","0"
318,"Firehouse Vietnam","Action","0","0"
713,"Rainbow Shock","Documentary","0","0"
669,"Pearl Destiny","Foreign","0","0"
41,"Arsenic Independence","Travel","0","0"
217,"Dazed Punk","Games","0","0"
909,"Treasure Command","Horror","0","0"
874,"Tadpole Park","Classics","0","0"
712,"Raiders Antitrust","Documentary","0","0"
742,"Roof Champion","Games","0","0"
943,"Villain Desperate","Documentary","0","0"
495,"Kentuckian Giant","Horror","0","0"
192,"Crossing Divorce","Foreign","0","0"
